{
  "n": 8,
  "temp": 0.7,
  "results": {
    "claude-sonnet-4-6": {
      "n_known": 47,
      "cir_systematic": 0.10638297872340426,
      "cir_any": 0.1276595744680851,
      "ci_lo": 2.127659574468085,
      "ci_hi": 19.148936170212767
    },
    "claude-haiku-4-5": {
      "n_known": 48,
      "cir_systematic": 0.3541666666666667,
      "cir_any": 0.375,
      "ci_lo": 22.916666666666664,
      "ci_hi": 50.0
    }
  }
}