{
  "per_model": {
    "openai/gpt-4o": {
      "mean_ig": 0.2069349700749008,
      "std_ig": 0.21555013547632965,
      "max_ig": 0.5,
      "mean_accuracy": 0.7881547619047619,
      "scr": 0.49,
      "mean_baseline_variance": 0.0,
      "ig_exceeds_2x_baseline": true,
      "n_theorems": 100,
      "pct_high_ig_10": 0.49,
      "pct_high_ig_20": 0.49,
      "family_failure_rates": {
        "notation": 0.18,
        "unpack": 0.25,
        "passive": 0.21212121212121213,
        "syntactic": 0.2,
        "variation": 0.18888888888888888,
        "equivalent": 0.2,
        "quantifier": 0.27,
        "order": 0.045454545454545456
      },
      "coverage": 1.0
    },
    "openai/gpt-4o-mini": {
      "mean_ig": 0.23019915684380923,
      "std_ig": 0.21344192496146686,
      "max_ig": 0.5,
      "mean_accuracy": 0.8073214285714286,
      "scr": 0.45,
      "mean_baseline_variance": 0.0,
      "ig_exceeds_2x_baseline": true,
      "n_theorems": 100,
      "pct_high_ig_10": 0.55,
      "pct_high_ig_20": 0.55,
      "family_failure_rates": {
        "unpack": 0.24,
        "syntactic": 0.19,
        "equivalent": 0.17,
        "quantifier": 0.23,
        "passive": 0.16161616161616163,
        "variation": 0.2111111111111111,
        "notation": 0.16,
        "order": 0.09090909090909091
      },
      "coverage": 1.0
    },
    "openai/o4-mini": {
      "mean_ig": 0.17611853042796558,
      "std_ig": 0.20704730603424637,
      "max_ig": 0.4948716593053935,
      "mean_accuracy": 0.7004880952380952,
      "scr": 0.44,
      "mean_baseline_variance": 0.0,
      "ig_exceeds_2x_baseline": true,
      "n_theorems": 100,
      "pct_high_ig_10": 0.43,
      "pct_high_ig_20": 0.43,
      "family_failure_rates": {
        "equivalent": 0.2653061224489796,
        "unpack": 0.24,
        "quantifier": 0.33,
        "variation": 0.3146067415730337,
        "syntactic": 0.33,
        "notation": 0.2727272727272727,
        "passive": 0.3434343434343434,
        "order": 0.5
      },
      "coverage": 0.9950678175092479
    },
    "deepseek/deepseek-chat": {
      "mean_ig": 0.1992984387344744,
      "std_ig": 0.21186433323399614,
      "max_ig": 0.5,
      "mean_accuracy": 0.7635119047619048,
      "scr": 0.46,
      "mean_baseline_variance": 0.0,
      "ig_exceeds_2x_baseline": true,
      "n_theorems": 100,
      "pct_high_ig_10": 0.48,
      "pct_high_ig_20": 0.48,
      "family_failure_rates": {
        "syntactic": 0.22,
        "quantifier": 0.32,
        "passive": 0.20202020202020202,
        "unpack": 0.21,
        "notation": 0.22,
        "variation": 0.25555555555555554,
        "equivalent": 0.22,
        "order": 0.4090909090909091
      },
      "coverage": 1.0
    },
    "anthropic/claude-haiku-4-5": {
      "mean_ig": 0.2620656892797935,
      "std_ig": 0.2107563280926694,
      "max_ig": 0.5,
      "mean_accuracy": 0.37964285714285717,
      "scr": 0.08,
      "mean_baseline_variance": 0.0,
      "ig_exceeds_2x_baseline": true,
      "n_theorems": 100,
      "pct_high_ig_10": 0.62,
      "pct_high_ig_20": 0.62,
      "family_failure_rates": {
        "passive": 0.5816326530612245,
        "quantifier": 0.65,
        "syntactic": 0.6060606060606061,
        "notation": 0.6210526315789474,
        "variation": 0.6629213483146067,
        "equivalent": 0.6122448979591837,
        "unpack": 0.6020408163265306,
        "order": 0.45454545454545453
      },
      "coverage": 0.9852034525277436
    },
    "openrouter/meta-llama/llama-3.3-70b-instruct": {
      "mean_ig": 0.24001429982236983,
      "std_ig": 0.20620802561092474,
      "max_ig": 0.4948716593053935,
      "mean_accuracy": 0.7514880952380953,
      "scr": 0.38,
      "mean_baseline_variance": 0.0,
      "ig_exceeds_2x_baseline": true,
      "n_theorems": 100,
      "pct_high_ig_10": 0.59,
      "pct_high_ig_20": 0.59,
      "family_failure_rates": {
        "quantifier": 0.37,
        "syntactic": 0.23,
        "passive": 0.2222222222222222,
        "variation": 0.28888888888888886,
        "unpack": 0.26,
        "equivalent": 0.2,
        "notation": 0.18,
        "order": 0.13636363636363635
      },
      "coverage": 1.0
    },
    "anthropic/claude-sonnet-4-6": {
      "mean_ig": 0.20727598861169466,
      "std_ig": 0.207525885959392,
      "max_ig": 0.4948716593053935,
      "mean_accuracy": 0.6999999999999997,
      "scr": 0.38,
      "mean_baseline_variance": 0.0,
      "ig_exceeds_2x_baseline": true,
      "n_theorems": 100,
      "pct_high_ig_10": 0.51,
      "pct_high_ig_20": 0.51,
      "family_failure_rates": {
        "passive": 0.29292929292929293,
        "syntactic": 0.29,
        "quantifier": 0.28,
        "unpack": 0.32,
        "variation": 0.36666666666666664,
        "equivalent": 0.28,
        "notation": 0.3,
        "order": 0.36363636363636365
      },
      "coverage": 1.0
    },
    "deepseek/deepseek-reasoner": {
      "mean_ig": 0.17266500790913444,
      "std_ig": 0.19884424626516975,
      "max_ig": 0.4948716593053935,
      "mean_accuracy": 0.6599523809523811,
      "scr": 0.39,
      "mean_baseline_variance": 0.0,
      "ig_exceeds_2x_baseline": true,
      "n_theorems": 100,
      "pct_high_ig_10": 0.44,
      "pct_high_ig_20": 0.44,
      "family_failure_rates": {
        "quantifier": 0.3,
        "syntactic": 0.35,
        "passive": 0.3877551020408163,
        "unpack": 0.30612244897959184,
        "equivalent": 0.32323232323232326,
        "variation": 0.37777777777777777,
        "notation": 0.34,
        "order": 0.47619047619047616
      },
      "coverage": 0.9926017262638718
    },
    "gemini/gemini-2.5-flash": {
      "mean_ig": 0.2544398717884882,
      "std_ig": 0.21280808039616209,
      "max_ig": 0.5,
      "mean_accuracy": 0.6594047619047617,
      "scr": 0.33,
      "mean_baseline_variance": 0.0,
      "ig_exceeds_2x_baseline": true,
      "n_theorems": 100,
      "pct_high_ig_10": 0.6,
      "pct_high_ig_20": 0.6,
      "family_failure_rates": {
        "quantifier": 0.39,
        "passive": 0.3434343434343434,
        "variation": 0.3595505617977528,
        "syntactic": 0.35,
        "unpack": 0.32,
        "equivalent": 0.35,
        "notation": 0.27,
        "order": 0.4090909090909091
      },
      "coverage": 0.998766954377312
    }
  },
  "cross_model_disagreements": 8489,
  "disagreement_examples": [
    {
      "paraphrase_id": "ntp_0000_exists_mem_multiset_dvd_canonical",
      "theorem_id": "ntp_0000_exists_mem_multiset_dvd",
      "model_a": "gpt-4o",
      "label_a": "TRUE",
      "model_b": "claude-haiku-4-5",
      "label_b": "FALSE",
      "ground_truth": "TRUE"
    },
    {
      "paraphrase_id": "ntp_0000_exists_mem_multiset_dvd_canonical",
      "theorem_id": "ntp_0000_exists_mem_multiset_dvd",
      "model_a": "gpt-4o-mini",
      "label_a": "TRUE",
      "model_b": "claude-haiku-4-5",
      "label_b": "FALSE",
      "ground_truth": "TRUE"
    },
    {
      "paraphrase_id": "ntp_0000_exists_mem_multiset_dvd_canonical",
      "theorem_id": "ntp_0000_exists_mem_multiset_dvd",
      "model_a": "o4-mini",
      "label_a": "TRUE",
      "model_b": "claude-haiku-4-5",
      "label_b": "FALSE",
      "ground_truth": "TRUE"
    },
    {
      "paraphrase_id": "ntp_0000_exists_mem_multiset_dvd_canonical",
      "theorem_id": "ntp_0000_exists_mem_multiset_dvd",
      "model_a": "deepseek-chat",
      "label_a": "TRUE",
      "model_b": "claude-haiku-4-5",
      "label_b": "FALSE",
      "ground_truth": "TRUE"
    },
    {
      "paraphrase_id": "ntp_0000_exists_mem_multiset_dvd_canonical",
      "theorem_id": "ntp_0000_exists_mem_multiset_dvd",
      "model_a": "claude-haiku-4-5",
      "label_a": "FALSE",
      "model_b": "meta-llama/llama-3.3-70b-instruct",
      "label_b": "TRUE",
      "ground_truth": "TRUE"
    },
    {
      "paraphrase_id": "ntp_0000_exists_mem_multiset_dvd_canonical",
      "theorem_id": "ntp_0000_exists_mem_multiset_dvd",
      "model_a": "claude-haiku-4-5",
      "label_a": "FALSE",